city,condition,local_time,source_url,scraped_at,temperature_f,temperature_c,country
Accra,Mostly cloudy. Warm.,Fri 3:47 am,https://www.timeanddate.com/weather/ghana/accra,2026-09-04 03:47:52.737343+00:00,77,25.0,ghana
Dublin,Light rain. Partly cloudy. Cool.,Fri 4:47 am,https://www.timeanddate.com/weather/ireland/dublin,2026-09-04 03:47:52.737343+00:00,57,13.9,ireland
Nairobi,Clear. Cool.,Fri 6:47 am,https://www.timeanddate.com/weather/kenya/nairobi,2026-09-04 03:47:52.737343+00:00,57,13.9,kenya
Addis Ababa,Passing clouds. Cool.,Fri 6:47 am,https://www.timeanddate.com/weather/ethiopia/addis-ababa,2026-09-04 03:47:52.737343+00:00,57,13.9,ethiopia
Edmonton,Passing clouds. Cool.,Thu 9:47 pm,https://www.timeanddate.com/weather/canada/edmonton,2026-09-04 03:47:52.737343+00:00,55,12.8,canada
Nassau,Scattered showers. Partly cloudy. Warm.,Thu 11:47 pm,https://www.timeanddate.com/weather/bahamas/nassau,2026-09-04 03:47:52.737343+00:00,81,27.2,bahamas
Adelaide,Cool.,Fri 1:17 pm,https://www.timeanddate.com/weather/australia/adelaide,2026-09-04 03:47:52.737343+00:00,60,15.6,australia
Frankfurt,Passing clouds. Mild.,Fri 5:47 am,https://www.timeanddate.com/weather/germany/frankfurt,2026-09-04 03:47:52.737343+00:00,66,18.9,germany
New Delhi,Fog. Warm.,Fri 9:17 am,https://www.timeanddate.com/weather/india/new-delhi,2026-09-04 03:47:52.737343+00:00,85,29.4,india
Algiers,Passing clouds. Warm.,Fri 4:47 am,https://www.timeanddate.com/weather/algeria/algiers,2026-09-04 03:47:52.737343+00:00,82,27.8,algeria
Guatemala City,Clear. Mild.,Thu 9:47 pm,https://www.timeanddate.com/weather/guatemala/guatemala,2026-09-04 03:47:52.737343+00:00,72,22.2,guatemala
New Orleans,Clear. Warm.,Thu 10:47 pm,https://www.timeanddate.com/weather/usa/new-orleans,2026-09-04 03:47:52.737343+00:00,84,28.9,usa
Almaty,Broken clouds. Mild.,Fri 8:47 am,https://www.timeanddate.com/weather/kazakstan/almaty,2026-09-04 03:47:52.737343+00:00,63,17.2,kazakstan
Halifax,Light rain. Mostly cloudy. Mild.,Fri 12:47 am,https://www.timeanddate.com/weather/canada/halifax,2026-09-04 03:47:52.737343+00:00,63,17.2,canada
New York,Clear. Warm.,Thu 11:47 pm,https://www.timeanddate.com/weather/usa/new-york,2026-09-04 03:47:52.737343+00:00,80,26.7,usa
Amman,Clear. Mild.,Fri 6:47 am,https://www.timeanddate.com/weather/jordan/amman,2026-09-04 03:47:52.737343+00:00,70,21.1,jordan
Hanoi,Passing clouds. Warm.,Fri 10:47 am,https://www.timeanddate.com/weather/vietnam/hanoi,2026-09-04 03:47:52.737343+00:00,88,31.1,vietnam
Oslo,Clear. Quite cool.,Fri 5:47 am,https://www.timeanddate.com/weather/norway/oslo,2026-09-04 03:47:52.737343+00:00,45,7.2,norway
Amsterdam,Passing clouds. Mild.,Fri 5:47 am,https://www.timeanddate.com/weather/netherlands/amsterdam,2026-09-04 03:47:52.737343+00:00,70,21.1,netherlands
Harare,Clear. Mild.,Fri 5:47 am,https://www.timeanddate.com/weather/zimbabwe/harare,2026-09-04 03:47:52.737343+00:00,63,17.2,zimbabwe
Ottawa,Passing clouds. Mild.,Thu 11:47 pm,https://www.timeanddate.com/weather/canada/ottawa,2026-09-04 03:47:52.737343+00:00,64,17.8,canada
Anadyr,Snow flurries. Overcast. Chilly.,Fri 3:47 pm,https://www.timeanddate.com/weather/russia/anadyr,2026-09-04 03:47:52.737343+00:00,33,0.6,russia
Havana,Passing clouds. Warm.,Thu 11:47 pm,https://www.timeanddate.com/weather/cuba/havana,2026-09-04 03:47:52.737343+00:00,79,26.1,cuba
Paris,Clear. Mild.,Fri 5:47 am,https://www.timeanddate.com/weather/france/paris,2026-09-04 03:47:52.737343+00:00,64,17.8,france
Anchorage,Overcast. Refreshingly cool.,Thu 7:47 pm,https://www.timeanddate.com/weather/usa/anchorage,2026-09-04 03:47:52.737343+00:00,60,15.6,usa
Helsinki,Fog. Quite cool.,Fri 6:47 am,https://www.timeanddate.com/weather/finland/helsinki,2026-09-04 03:47:52.737343+00:00,43,6.1,finland
Perth,Partly sunny. Mild.,Fri 11:47 am,https://www.timeanddate.com/weather/australia/perth,2026-09-04 03:47:52.737343+00:00,66,18.9,australia
Ankara,Sunny. Cool.,Fri 6:47 am,https://www.timeanddate.com/weather/turkey/ankara,2026-09-04 03:47:52.737343+00:00,59,15.0,turkey
Hong Kong,Passing clouds. Warm.,Fri 11:47 am,https://www.timeanddate.com/weather/hong-kong/hong-kong,2026-09-04 03:47:52.737343+00:00,82,27.8,hong-kong
Philadelphia,Mostly cloudy. Warm.,Thu 11:47 pm,https://www.timeanddate.com/weather/usa/philadelphia,2026-09-04 03:47:52.737343+00:00,82,27.8,usa
Antananarivo,Drizzle. Partly sunny. Cool.,Fri 6:47 am,https://www.timeanddate.com/weather/madagascar/antananarivo,2026-09-04 03:47:52.737343+00:00,55,12.8,madagascar
Honolulu,Broken clouds. Warm.,Thu 5:47 pm,https://www.timeanddate.com/weather/usa/honolulu,2026-09-04 03:47:52.737343+00:00,84,28.9,usa
Phoenix,Partly cloudy. Hot.,Thu 8:47 pm,https://www.timeanddate.com/weather/usa/phoenix,2026-09-04 03:47:52.737343+00:00,93,33.9,usa
Asuncion,Clear. Mild.,Fri 12:47 am,https://www.timeanddate.com/weather/paraguay/asuncion,2026-09-04 03:47:52.737343+00:00,73,22.8,paraguay
Houston,Passing clouds. Warm.,Thu 10:47 pm,https://www.timeanddate.com/weather/usa/houston,2026-09-04 03:47:52.737343+00:00,82,27.8,usa
Prague,Clear. Mild.,Fri 5:47 am,https://www.timeanddate.com/weather/czech-republic/prague,2026-09-04 03:47:52.737343+00:00,63,17.2,czech-republic
Athens,Pleasantly warm.,Fri 6:47 am,https://www.timeanddate.com/weather/greece/athens,2026-09-04 03:47:52.737343+00:00,81,27.2,greece
Indianapolis,Passing clouds. Hot.,Thu 11:47 pm,https://www.timeanddate.com/weather/usa/indianapolis,2026-09-04 03:47:52.737343+00:00,90,32.2,usa
Reykjavik,Clear. Cool.,Fri 3:47 am,https://www.timeanddate.com/weather/iceland/reykjavik,2026-09-04 03:47:52.737343+00:00,50,10.0,iceland
Atlanta,Clear. Mild.,Thu 11:47 pm,https://www.timeanddate.com/weather/usa/atlanta,2026-09-04 03:47:52.737343+00:00,76,24.4,usa
Islamabad,Thundershowers. Overcast. Warm.,Fri 8:47 am,https://www.timeanddate.com/weather/pakistan/islamabad,2026-09-04 03:47:52.737343+00:00,77,25.0,pakistan
Rio de Janeiro,Clear. Mild.,Fri 12:47 am,https://www.timeanddate.com/weather/brazil/rio-de-janeiro,2026-09-04 03:47:52.737343+00:00,72,22.2,brazil
Auckland,Light rain. Mostly cloudy. Mild.,Fri 3:47 pm,https://www.timeanddate.com/weather/new-zealand/auckland,2026-09-04 03:47:52.737343+00:00,63,17.2,new-zealand
Istanbul,Passing clouds. Mild.,Fri 6:47 am,https://www.timeanddate.com/weather/turkey/istanbul,2026-09-04 03:47:52.737343+00:00,72,22.2,turkey
Riyadh,Clear. Pleasantly warm.,Fri 6:47 am,https://www.timeanddate.com/weather/saudi-arabia/riyadh,2026-09-04 03:47:52.737343+00:00,81,27.2,saudi-arabia
Baghdad,Clear. Hot.,Fri 6:47 am,https://www.timeanddate.com/weather/iraq/baghdad,2026-09-04 03:47:52.737343+00:00,89,31.7,iraq
Jakarta,Scattered clouds. Hot.,Fri 10:47 am,https://www.timeanddate.com/weather/indonesia/jakarta,2026-09-04 03:47:52.737343+00:00,89,31.7,indonesia
Rome,Clear. Mild.,Fri 5:47 am,https://www.timeanddate.com/weather/italy/rome,2026-09-04 03:47:52.737343+00:00,73,22.8,italy
Bangkok,Passing clouds. Hot.,Fri 10:47 am,https://www.timeanddate.com/weather/thailand/bangkok,2026-09-04 03:47:52.737343+00:00,90,32.2,thailand
Jerusalem,Cool.,Fri 6:47 am,https://www.timeanddate.com/weather/israel/jerusalem,2026-09-04 03:47:52.737343+00:00,67,19.4,israel
Salt Lake City,Passing clouds. Pleasantly warm.,Thu 9:47 pm,https://www.timeanddate.com/weather/usa/salt-lake-city,2026-09-04 03:47:52.737343+00:00,79,26.1,usa
Barcelona,Passing clouds. Warm.,Fri 5:47 am,https://www.timeanddate.com/weather/spain/barcelona,2026-09-04 03:47:52.737343+00:00,77,25.0,spain
Johannesburg,Mild.,Fri 5:47 am,https://www.timeanddate.com/weather/south-africa/johannesburg,2026-09-04 03:47:52.737343+00:00,63,17.2,south-africa
San Francisco,Light rain. Mostly cloudy. Cool.,Thu 8:47 pm,https://www.timeanddate.com/weather/usa/san-francisco,2026-09-04 03:47:52.737343+00:00,62,16.7,usa
Beijing,Passing clouds. Warm.,Fri 11:47 am,https://www.timeanddate.com/weather/china/beijing,2026-09-04 03:47:52.737343+00:00,84,28.9,china
Karachi,Broken clouds. Warm.,Fri 8:47 am,https://www.timeanddate.com/weather/pakistan/karachi,2026-09-04 03:47:52.737343+00:00,82,27.8,pakistan
San Juan,Passing clouds. Warm.,Thu 11:47 pm,https://www.timeanddate.com/weather/puerto-rico/san-juan,2026-09-04 03:47:52.737343+00:00,83,28.3,puerto-rico
Beirut,Passing clouds. Warm.,Fri 6:47 am,https://www.timeanddate.com/weather/lebanon/beirut,2026-09-04 03:47:52.737343+00:00,77,25.0,lebanon
Kathmandu,Broken clouds. Mild.,Fri 9:32 am,https://www.timeanddate.com/weather/nepal/kathmandu,2026-09-04 03:47:52.737343+00:00,73,22.8,nepal
San Salvador,Sunny. Warm.,Thu 9:47 pm,https://www.timeanddate.com/weather/el-salvador/san-salvador,2026-09-04 03:47:52.737343+00:00,77,25.0,el-salvador
Belgrade,Passing clouds. Mild.,Fri 5:47 am,https://www.timeanddate.com/weather/serbia/belgrade,2026-09-04 03:47:52.737343+00:00,66,18.9,serbia
Kingston,Warm.,Thu 10:47 pm,https://www.timeanddate.com/weather/jamaica/kingston,2026-09-04 03:47:52.737343+00:00,85,29.4,jamaica
Santiago,Clear. Cool.,Thu 11:47 pm,https://www.timeanddate.com/weather/chile/santiago,2026-09-04 03:47:52.737343+00:00,55,12.8,chile
Bengaluru,Scattered clouds. Mild.,Fri 9:17 am,https://www.timeanddate.com/weather/india/bengaluru,2026-09-04 03:47:52.737343+00:00,73,22.8,india
Kinshasa,Clear. Mild.,Fri 4:47 am,https://www.timeanddate.com/weather/congo-demrep/kinshasa,2026-09-04 03:47:52.737343+00:00,75,23.9,congo-demrep
Santo Domingo,Overcast. Warm.,Thu 11:47 pm,https://www.timeanddate.com/weather/dominican-republic/santo-domingo,2026-09-04 03:47:52.737343+00:00,83,28.3,dominican-republic
Berlin,Passing clouds. Mild.,Fri 5:47 am,https://www.timeanddate.com/weather/germany/berlin,2026-09-04 03:47:52.737343+00:00,64,17.8,germany
Kiritimati,Broken clouds. Warm.,Fri 5:47 pm,https://www.timeanddate.com/weather/kiribati/kiritimati,2026-09-04 03:47:52.737343+00:00,88,31.1,kiribati
São Paulo,Clear. Mild.,Fri 12:47 am,https://www.timeanddate.com/weather/brazil/sao-paulo,2026-09-04 03:47:52.737343+00:00,68,20.0,brazil
Bogota,Passing clouds. Cool.,Thu 10:47 pm,https://www.timeanddate.com/weather/colombia/bogota,2026-09-04 03:47:52.737343+00:00,52,11.1,colombia
Kolkata,Broken clouds. Warm.,Fri 9:17 am,https://www.timeanddate.com/weather/india/kolkata,2026-09-04 03:47:52.737343+00:00,86,30.0,india
Seattle,Partly cloudy. Cool.,Thu 8:47 pm,https://www.timeanddate.com/weather/usa/seattle,2026-09-04 03:47:52.737343+00:00,60,15.6,usa
Boston,High level clouds. Mild.,Thu 11:47 pm,https://www.timeanddate.com/weather/usa/boston,2026-09-04 03:47:52.737343+00:00,67,19.4,usa
Kuala Lumpur,Passing clouds. Warm.,Fri 11:47 am,https://www.timeanddate.com/weather/malaysia/kuala-lumpur,2026-09-04 03:47:52.737343+00:00,88,31.1,malaysia
Seoul,Passing clouds. Warm.,Fri 12:47 pm,https://www.timeanddate.com/weather/south-korea/seoul,2026-09-04 03:47:52.737343+00:00,84,28.9,south-korea
Brasilia,Clear. Mild.,Fri 12:47 am,https://www.timeanddate.com/weather/brazil/brasilia,2026-09-04 03:47:52.737343+00:00,72,22.2,brazil
Kuwait City,Clear. Extremely hot.,Fri 6:47 am,https://www.timeanddate.com/weather/kuwait/kuwait-city,2026-09-04 03:47:52.737343+00:00,94,34.4,kuwait
Shanghai,Partly sunny. Warm.,Fri 11:47 am,https://www.timeanddate.com/weather/china/shanghai,2026-09-04 03:47:52.737343+00:00,88,31.1,china
Brisbane,Pleasantly warm.,Fri 1:47 pm,https://www.timeanddate.com/weather/australia/brisbane,2026-09-04 03:47:52.737343+00:00,89,31.7,australia
Kyiv,Overcast. Cool.,Fri 6:47 am,https://www.timeanddate.com/weather/ukraine/kyiv,2026-09-04 03:47:52.737343+00:00,59,15.0,ukraine
Singapore,Partly sunny. Warm.,Fri 11:47 am,https://www.timeanddate.com/weather/singapore/singapore,2026-09-04 03:47:52.737343+00:00,88,31.1,singapore
Brussels,Passing clouds. Mild.,Fri 5:47 am,https://www.timeanddate.com/weather/belgium/brussels,2026-09-04 03:47:52.737343+00:00,68,20.0,belgium
La Paz,Clear. Quite cool.,Thu 11:47 pm,https://www.timeanddate.com/weather/bolivia/la-paz,2026-09-04 03:47:52.737343+00:00,41,5.0,bolivia
Sofia,Passing clouds. Cool.,Fri 6:47 am,https://www.timeanddate.com/weather/bulgaria/sofia,2026-09-04 03:47:52.737343+00:00,56,13.3,bulgaria
Bucharest,Passing clouds. Mild.,Fri 6:47 am,https://www.timeanddate.com/weather/romania/bucharest,2026-09-04 03:47:52.737343+00:00,64,17.8,romania
Lagos,Passing clouds. Warm.,Fri 4:47 am,https://www.timeanddate.com/weather/nigeria/lagos,2026-09-04 03:47:52.737343+00:00,77,25.0,nigeria
St. John's,Clear. Cool.,Fri 1:17 am,https://www.timeanddate.com/weather/canada/st-johns,2026-09-04 03:47:52.737343+00:00,52,11.1,canada
Budapest,Passing clouds. Cool.,Fri 5:47 am,https://www.timeanddate.com/weather/hungary/budapest,2026-09-04 03:47:52.737343+00:00,61,16.1,hungary
Lahore,Scattered clouds. Hot.,Fri 8:47 am,https://www.timeanddate.com/weather/pakistan/lahore,2026-09-04 03:47:52.737343+00:00,90,32.2,pakistan
Stockholm,Light fog. Quite cool.,Fri 5:47 am,https://www.timeanddate.com/weather/sweden/stockholm,2026-09-04 03:47:52.737343+00:00,43,6.1,sweden
Buenos Aires,Passing clouds. Cool.,Fri 12:47 am,https://www.timeanddate.com/weather/argentina/buenos-aires,2026-09-04 03:47:52.737343+00:00,55,12.8,argentina
Las Vegas,Sunny. Extremely hot.,Thu 8:47 pm,https://www.timeanddate.com/weather/usa/las-vegas,2026-09-04 03:47:52.737343+00:00,95,35.0,usa
Suva,Overcast. Mild.,Fri 3:47 pm,https://www.timeanddate.com/weather/fiji/suva,2026-09-04 03:47:52.737343+00:00,76,24.4,fiji
Cairo,Clear. Warm.,Fri 6:47 am,https://www.timeanddate.com/weather/egypt/cairo,2026-09-04 03:47:52.737343+00:00,77,25.0,egypt
Lima,Overcast. Mild.,Thu 10:47 pm,https://www.timeanddate.com/weather/peru/lima,2026-09-04 03:47:52.737343+00:00,71,21.7,peru
Sydney,Passing clouds. Mild.,Fri 1:47 pm,https://www.timeanddate.com/weather/australia/sydney,2026-09-04 03:47:52.737343+00:00,73,22.8,australia
Calgary,Passing clouds. Refreshingly cool.,Thu 9:47 pm,https://www.timeanddate.com/weather/canada/calgary,2026-09-04 03:47:52.737343+00:00,61,16.1,canada
Lisbon,Clear. Warm.,Fri 4:47 am,https://www.timeanddate.com/weather/portugal/lisbon,2026-09-04 03:47:52.737343+00:00,79,26.1,portugal
Taipei,Rain showers. Cloudy. Warm.,Fri 11:47 am,https://www.timeanddate.com/weather/taiwan/taipei,2026-09-04 03:47:52.737343+00:00,79,26.1,taiwan
Canberra,Sunny. Mild.,Fri 1:47 pm,https://www.timeanddate.com/weather/australia/canberra,2026-09-04 03:47:52.737343+00:00,63,17.2,australia
London,Overcast. Mild.,Fri 4:47 am,https://www.timeanddate.com/weather/uk/london,2026-09-04 03:47:52.737343+00:00,68,20.0,uk
Tallinn,Passing clouds. Cool.,Fri 6:47 am,https://www.timeanddate.com/weather/estonia/tallinn,2026-09-04 03:47:52.737343+00:00,52,11.1,estonia
Cape Town,Passing clouds. Cool.,Fri 5:47 am,https://www.timeanddate.com/weather/south-africa/cape-town,2026-09-04 03:47:52.737343+00:00,59,15.0,south-africa
Los Angeles,Clear. Mild.,Thu 8:47 pm,https://www.timeanddate.com/weather/usa/los-angeles,2026-09-04 03:47:52.737343+00:00,71,21.7,usa
Tashkent,Passing clouds. Mild.,Fri 8:47 am,https://www.timeanddate.com/weather/uzbekistan/tashkent,2026-09-04 03:47:52.737343+00:00,66,18.9,uzbekistan
Caracas,Passing clouds. Warm.,Thu 11:47 pm,https://www.timeanddate.com/weather/venezuela/caracas,2026-09-04 03:47:52.737343+00:00,82,27.8,venezuela
Madrid,Clear. Mild.,Fri 5:47 am,https://www.timeanddate.com/weather/spain/madrid,2026-09-04 03:47:52.737343+00:00,70,21.1,spain
Tegucigalpa,Passing clouds. Mild.,Thu 9:47 pm,https://www.timeanddate.com/weather/honduras/tegucigalpa,2026-09-04 03:47:52.737343+00:00,75,23.9,honduras
Casablanca,Mild.,Fri 4:47 am,https://www.timeanddate.com/weather/morocco/casablanca,2026-09-04 03:47:52.737343+00:00,75,23.9,morocco
Managua,Passing clouds. Warm.,Thu 9:47 pm,https://www.timeanddate.com/weather/nicaragua/managua,2026-09-04 03:47:52.737343+00:00,86,30.0,nicaragua
Tehran,Passing clouds. Mild.,Fri 7:17 am,https://www.timeanddate.com/weather/iran/tehran,2026-09-04 03:47:52.737343+00:00,73,22.8,iran
Chicago,Clear. Warm.,Thu 10:47 pm,https://www.timeanddate.com/weather/usa/chicago,2026-09-04 03:47:52.737343+00:00,85,29.4,usa
Manila,Light rain. Overcast. Warm.,Fri 11:47 am,https://www.timeanddate.com/weather/philippines/manila,2026-09-04 03:47:52.737343+00:00,79,26.1,philippines
Tokyo,Broken clouds. Warm.,Fri 12:47 pm,https://www.timeanddate.com/weather/japan/tokyo,2026-09-04 03:47:52.737343+00:00,79,26.1,japan
Copenhagen,Passing clouds. Cool.,Fri 5:47 am,https://www.timeanddate.com/weather/denmark/copenhagen,2026-09-04 03:47:52.737343+00:00,61,16.1,denmark
Melbourne,Passing clouds. Refreshingly cool.,Fri 1:47 pm,https://www.timeanddate.com/weather/australia/melbourne,2026-09-04 03:47:52.737343+00:00,59,15.0,australia
Toronto,Passing clouds. Mild.,Thu 11:47 pm,https://www.timeanddate.com/weather/canada/toronto,2026-09-04 03:47:52.737343+00:00,70,21.1,canada
Dallas,Passing clouds. Warm.,Thu 10:47 pm,https://www.timeanddate.com/weather/usa/dallas,2026-09-04 03:47:52.737343+00:00,83,28.3,usa
Mexico City,Thunderstorms. Overcast. Mild.,Thu 9:47 pm,https://www.timeanddate.com/weather/mexico/mexico-city,2026-09-04 03:47:52.737343+00:00,63,17.2,mexico
Vancouver,Passing clouds. Cool.,Thu 8:47 pm,https://www.timeanddate.com/weather/canada/vancouver,2026-09-04 03:47:52.737343+00:00,57,13.9,canada
Dar es Salaam,Passing clouds. Mild.,Fri 6:47 am,https://www.timeanddate.com/weather/tanzania/dar-es-salaam,2026-09-04 03:47:52.737343+00:00,68,20.0,tanzania
Miami,Passing clouds. Warm.,Thu 11:47 pm,https://www.timeanddate.com/weather/usa/miami,2026-09-04 03:47:52.737343+00:00,83,28.3,usa
Vienna,Clear. Mild.,Fri 5:47 am,https://www.timeanddate.com/weather/austria/vienna,2026-09-04 03:47:52.737343+00:00,68,20.0,austria
Darwin,Broken clouds. Warm.,Fri 1:17 pm,https://www.timeanddate.com/weather/australia/darwin,2026-09-04 03:47:52.737343+00:00,88,31.1,australia
Minneapolis,Scattered clouds. Warm.,Thu 10:47 pm,https://www.timeanddate.com/weather/usa/minneapolis,2026-09-04 03:47:52.737343+00:00,86,30.0,usa
Warsaw,Passing clouds. Cool.,Fri 5:47 am,https://www.timeanddate.com/weather/poland/warsaw,2026-09-04 03:47:52.737343+00:00,61,16.1,poland
Denver,Passing clouds. Pleasantly warm.,Thu 9:47 pm,https://www.timeanddate.com/weather/usa/denver,2026-09-04 03:47:52.737343+00:00,79,26.1,usa
Minsk,Passing clouds. Cool.,Fri 6:47 am,https://www.timeanddate.com/weather/belarus/minsk,2026-09-04 03:47:52.737343+00:00,48,8.9,belarus
Washington DC,Mostly cloudy. Warm.,Thu 11:47 pm,https://www.timeanddate.com/weather/usa/washington-dc,2026-09-04 03:47:52.737343+00:00,83,28.3,usa
Detroit,Fog. Mild.,Thu 11:47 pm,https://www.timeanddate.com/weather/usa/detroit,2026-09-04 03:47:52.737343+00:00,70,21.1,usa
Montevideo,Passing clouds. Cool.,Fri 12:47 am,https://www.timeanddate.com/weather/uruguay/montevideo,2026-09-04 03:47:52.737343+00:00,54,12.2,uruguay
Winnipeg,Mild.,Thu 10:47 pm,https://www.timeanddate.com/weather/canada/winnipeg,2026-09-04 03:47:52.737343+00:00,68,20.0,canada
Dhaka,Partly sunny. Warm.,Fri 9:47 am,https://www.timeanddate.com/weather/bangladesh/dhaka,2026-09-04 03:47:52.737343+00:00,86,30.0,bangladesh
Montréal,Partly cloudy. Mild.,Thu 11:47 pm,https://www.timeanddate.com/weather/canada/montreal,2026-09-04 03:47:52.737343+00:00,72,22.2,canada
Yangon,Partly sunny. Warm.,Fri 10:17 am,https://www.timeanddate.com/weather/myanmar/yangon,2026-09-04 03:47:52.737343+00:00,82,27.8,myanmar
Doha,Passing clouds. Hot.,Fri 6:47 am,https://www.timeanddate.com/weather/qatar/doha,2026-09-04 03:47:52.737343+00:00,91,32.8,qatar
Moscow,Passing clouds. Cool.,Fri 6:47 am,https://www.timeanddate.com/weather/russia/moscow,2026-09-04 03:47:52.737343+00:00,57,13.9,russia
Zagreb,Clear. Mild.,Fri 5:47 am,https://www.timeanddate.com/weather/croatia/zagreb,2026-09-04 03:47:52.737343+00:00,68,20.0,croatia
Dubai,Passing clouds. Extremely hot.,Fri 7:47 am,https://www.timeanddate.com/weather/united-arab-emirates/dubai,2026-09-04 03:47:52.737343+00:00,93,33.9,united-arab-emirates
Mumbai,Scattered clouds. Warm.,Fri 9:17 am,https://www.timeanddate.com/weather/india/mumbai,2026-09-04 03:47:52.737343+00:00,84,28.9,india
Zürich,Clear. Cool.,Fri 5:47 am,https://www.timeanddate.com/weather/switzerland/zurich,2026-09-04 03:47:52.737343+00:00,59,15.0,switzerland
